numDoc,controle,autor,matricula,dataPronunciamento,resumo,legislatura,dataSessao
000000801,46310,DEPUTADO ARLEN SANTIAGO,9652,2021-04-07 14:00:00,"Comemora a destinação de R$ 33 milhões em emendas parlamentares para a
área da saúde. Critica o aumento do preço de materiais e insumos
utilizados pelos hospitais. Comenta a questão do isolamento social e da
vacinação contra a Covid-19. Informa sobre lançamento de programa do
governo do Estado de empréstimo a juros subsidiado pelo Banco de
Desenvolvimento de Minas Gerais S/A - BDMG - para que as prefeituras
possam fazer obras e, com isso, gerar renda.",19,2021-04-07 14:00:00
000000803,46298,DEPUTADO CARLOS HENRIQUE,10002,2021-04-06 14:00:00,"Critica o ""lockdown"" em Belo Horizonte e em Minas Gerais, medida adotada
pelo governo do Estado para conter a pandemia da Covid-19, apontando-a
como a responsável pela perda de empregos, aumento de fome, miséria e
violência doméstica, entre outras mazelas.",19,2021-04-06 14:00:00
000000804,46299,DEPUTADA LAURA SERRANO,26165,2021-04-06 14:00:00,"Destaca a pesquisa da Universidade Federal de Minas Gerais - UFMG - para
a fabricação de vacinas contra a Covid-19. Informa que destinou R$ 2
milhões de emendas para o projeto, ressaltando que uma das sete vacinas
desenvolvidas na universidade já está em fase de testes com primatas.
Comenta que, mesmo se toda a população for imunizada, serão necessárias
novas doses para manter a população protegida.",19,2021-04-06 14:00:00
000000805,46300,DEPUTADO CRISTIANO SILVEIRA,22523,2021-04-06 14:00:00,"Informa, por ocasião do Dia Internacional de Conscientização do Autismo,
sobre atividades promovidas e proposições apresentadas durante o seu
mandato, de conscientização nesse sentido. Informa que apresentou
requerimento que trata do auxílio-alimentação dos trabalhadores da
Fundação Hospitalar do Estado de Minas Gerais - Fhemig. Critica o
governador Romeu Zema e o presidente Jair Bolsonaro por falharem no
enfrentamento à pandemia da Covid-19. Critica, ainda, a decisão federal
de recusar a compra de vacinas ofertadas ao Brasil em 2020, ressaltando
que, se a oferta não tivesse sido recusada, o País estaria com a
vacinação avançada, como os Estados Unidos.",19,2021-04-06 14:00:00
000000806,46301,DEPUTADO ARLEN SANTIAGO,9652,2021-04-06 14:00:00,"Elogia o desempenho do Estado no ranking da Escala Brasil Transparente -
EBT -, e do Município de Itaúna, que alcançou o primeiro lugar estadual
e o 9º nacional. Comemora o compromisso do governador Romeu Zema de
liberar R$ 35 milhões para investimentos em obras na Universidade
Estadual de Montes Claros - Unimontes. Comenta que o governo deve
investir em hospitais para garantir o fornecimento de oxigênio
hospitalar, importante no atendimento às vítimas da Covid-19. Agradece à
Federação das Indústrias de Minas Gerais - Fiemg - o fornecimento de 2
mil respiradores para hospitais mineiros. Agradece ao prefeito de
Urucuia e ao Hospital Dilson Godinho por ajuda ao hospital do Município
de Brasília de Minas.",19,2021-04-06 14:00:00
000000807,46302,DEPUTADO CARLOS PIMENTA,7758,2021-04-06 14:00:00,"Pesar pelo falecimento do Sr. Antônio Ferreira Barreto, Barretinho,
comerciante do Município de Montes Claros. Solicita ao governo do Estado
a vacinação contra a Covid-19 dos funcionários de todos os
estabelecimentos de saúde de Montes Claros e de profissionais da saúde
como fisioterapeutas, médicos e dentistas de clínicas e consultórios.
Destaca ser necessária uma maior agilidade da vacinação no Estado.
Solicita à Companhia Energética de Minas Gerais - Cemig - que deixe de
cortar a luz dos pequenos comerciantes, ressaltando que a Agência
Nacional de Energia Elétrica - Aneel - proibiu essa ação durante a
pandemia de Covid-19.",19,2021-04-06 14:00:00
000000802,46297,DEPUTADO ANTONIO CARLOS ARANTES,7327,2021-04-06 14:00:00,"Pesar pelo falecimento do Sr. Hans Eberhard Aichinger, gerente de
Produtos de Gastronomia, Turismo, Hospedagem e Lazer do Serviço Nacional
de Aprendizagem Comercial - Senac - e membro do Conselho Estadual de
Turismo.",19,2021-04-06 14:00:00
000000808,46284,DEPUTADO CARLOS HENRIQUE,10002,2021-03-31 14:00:00,"Pesar pelo falecimento do ex-prefeito de Betim e ex-deputado estadual
Ivair Nogueira, em decorrência da Covid-19.",19,2021-03-31 14:00:00
000000809,46285,DEPUTADO ANDRÉ QUINTÃO,12195,2021-03-31 14:00:00,"Pesar pelo falecimento do ex-deputado Ivair Nogueira, em decorrência da
Covid-19. Critica a postura do presidente Jair Bolsonaro desde o início
da pandemia. Defende que Bolsonaro seja responsabilizado e que seja
instaurada a Comissão Parlamentar de Inquérito - CPI - da pandemia no
Congresso Nacional. Solicita ao governador Romeu Zema que não seja
conivente com esse quadro instalado no País.",19,2021-03-31 14:00:00
000000810,46286,DEPUTADO DELEGADO HELI GRILO,26150,2021-03-31 14:00:00,"Pesar pelo falecimento do ex-deputado Ivair Nogueira, em decorrência da
Covid-19. Comenta o atraso na vacinação contra a Covid-19, defendendo
que só a vacina dará segurança para o País voltar à normalidade e que
não se pode perder a esperança. Agradece ao governador Romeu Zema por
atender entidades representativas das forças de segurança, agilizando a
imunização desses profissionais.",19,2021-03-31 14:00:00
000000811,46287,DEPUTADO DOUTOR JEAN FREIRE,22581,2021-03-31 14:00:00,"Pesar pelo falecimento de Ana Luiza Dompsin, no Município de Divisa
Alegre, e pelas vítimas de feminicídio no Brasil.",19,2021-03-31 14:00:00
000000812,46288,DEPUTADO DOUTOR JEAN FREIRE,22581,2021-03-31 14:00:00,"Enumera o nome de diversas mulheres assassinadas no Estado no último
ano, lembrando que a violência contra a mulher cresceu durante a
pandemia de Covid-19. Defende as restrições impostas pela onda roxa do
Plano Minas Consciente, neste momento de falta de insumos básicos e de
vagas nas unidades de terapia intensiva. Critica as ameaças sofridas por
prefeitos que estão seguindo as orientações de fortalecimento do
isolamento social em municípios do Estado. Solicita a vacinação para os
garis e para os coveiros.",19,2021-03-31 14:00:00
000000813,46289,DEPUTADA ANDRÉIA DE JESUS,26143,2021-03-31 14:00:00,"Pesar pelo falecimento do ex-deputado Ivair Nogueira, em decorrência da
Covid-19. Defende a democracia ao comentar o transcurso dos 57 anos do
golpe militar que instaurou a ditadura no Brasil, criticando atitudes do
presidente Jair Bolsonaro. Denuncia que 16 mulheres acauteladas pelo
Estado, muitas delas sem sentença, grávidas e com bebês, contraíram
Covid-19. Defende a vacina para todos, principalmente grupos
invisibilizados e que desempenham um importante papel na pandemia, como
garis, motoristas do transporte coletivo, domésticas e policias penais.
Solicita a definição de uma renda auxiliar para a população.",19,2021-03-31 14:00:00
000000814,46290,DEPUTADO CARLOS PIMENTA,7758,2021-03-31 14:00:00,"Solicita ao governo do Estado um trabalho com prefeituras, a fim de
evitar “o represamento de vacinas” contra a Covid-19. Destaca que
médicos, enfermeiros, dentistas e fisioterapeutas são profissionais com
alto risco de contaminação e solicita atenção a esses públicos na cadeia
de imunização. Apresenta queixas que tem recebido sobre blitzen da
Polícia Militar, no Município de Montes Claros, que estariam checando
pagamento do Imposto sobre a Propriedade de Veículos Automotores - IPVA.
Defende que não é momento para esse tipo de operação e sugere a
prorrogação de prazos, em razão da pandemia. Pesar pelo falecimento do
ex-deputado Ivair Nogueira, em decorrência da Covid-19.",19,2021-03-31 14:00:00
000000815,46291,DEPUTADO SARGENTO RODRIGUES,9673,2021-03-31 14:00:00,"Apresenta apelo para a volta do funcionamento das comissões temáticas da
Assembleia Legislativa.",19,2021-03-31 14:00:00
000000835,46266,DEPUTADO SARGENTO RODRIGUES,9673,2021-03-30 16:00:00,"Solicita ao presidente ""ad hoc"", Tadeu Martins Leite, orientação sobre a
votação da matéria em pauta. Comenta que apresentou emenda ao projeto de
lei que dispõe sobre a adoção de medidas emergenciais complementares
para o enfrentamento do estado de calamidade pública decorrente da
pandemia de Covid-19 no Estado. Solicita, caso ela não tenha sido
acatada, que seja votada em destaque.",19,2021-03-30 16:00:00
000000836,46267,DEPUTADO ANDRÉ QUINTÃO,12195,2021-03-30 16:00:00,"Elogia o presidente da Assembleia Legislativa, deputado Agostinho
Patrus, pela iniciativa do projeto de lei que dispõe sobre a adoção de
medidas emergenciais complementares para o enfrentamento do estado de
calamidade pública decorrente da pandemia de Covid-19 no Estado.
Agradece, como relator desse projeto, aos deputados que apresentaram
emendas e agradece à equipe técnica da Assembleia Legislativa.",19,2021-03-30 16:00:00
000000837,46268,DEPUTADO DUARTE BECHIR,17919,2021-03-30 16:00:00,"Elogia o projeto de lei que dispõe sobre a adoção de medidas
emergenciais complementares para o enfrentamento do estado de calamidade
pública decorrente da pandemia de Covid-19 no Estado.",19,2021-03-30 16:00:00
000000838,46269,DEPUTADO SARGENTO RODRIGUES,9673,2021-03-30 16:00:00,"Elogia o projeto de lei que dispõe sobre a adoção de medidas
emergenciais complementares para o enfrentamento do estado de calamidade
pública decorrente da pandemia de Covid-19 no Estado.",19,2021-03-30 16:00:00
000000839,46270,DEPUTADO SARGENTO RODRIGUES,9673,2021-03-30 16:00:00,"Questiona os motivos do não acatamento de emenda de sua autoria ao
projeto de lei que dispõe sobre a adoção de medidas emergenciais
complementares para o enfrentamento do estado de calamidade pública
decorrente da pandemia de Covid-19 no Estado. Informa que essa emenda
inclui os servidores da segurança pública como um dos agentes públicos
prioritários na vacinação e solicita que esse tema seja priorizado.",19,2021-03-30 16:00:00
000000840,46271,DEPUTADO AGOSTINHO PATRUS,15245,2021-03-30 16:00:00,"Agradece e comemora a aprovação do projeto de lei que dispõe sobre a
adoção de medidas emergenciais complementares para o enfrentamento do
estado de calamidade pública decorrente da pandemia de Covid-19 no
Estado.",19,2021-03-30 16:00:00
000000841,46272,DEPUTADA ANDRÉIA DE JESUS,26143,2021-03-30 16:00:00,"Declara voto favorável ao projeto de lei que dispõe sobre a adoção de
medidas emergenciais complementares para o enfrentamento do estado de
calamidade pública decorrente da pandemia de Covid-19 no Estado. Defende
aprovação de um parâmetro mínimo de remuneração dos profissionais de
saúde.",19,2021-03-30 16:00:00
000000842,46273,DEPUTADO SARGENTO RODRIGUES,9673,2021-03-30 16:00:00,"Elogia o presidente da Assembleia Legislativa, deputado Agostinho
Patrus, pela iniciativa do projeto de lei que dispõe sobre a adoção de
medidas emergenciais complementares para o enfrentamento do estado de
calamidade pública decorrente da pandemia de Covid-19 no Estado. Elogia
também o relator, deputado André Quintão, e os deputados que votaram
pela aprovação do projeto. Lamenta o descontrole na vacinação em Minas
Gerais e defende uma maior fiscalização por parte do Poder Legislativo.",19,2021-03-30 16:00:00
000000843,46274,DEPUTADO DUARTE BECHIR,17919,2021-03-30 16:00:00,"Elogia o presidente da Assembleia Legislativa, deputado Agostinho
Patrus, pela iniciativa do projeto de lei que dispõe sobre a adoção de
medidas emergenciais complementares para o enfrentamento do estado de
calamidade pública decorrente da pandemia de Covid-19 no Estado. Elogia
também o relator do projeto, deputado André Quintão.",19,2021-03-30 16:00:00
000000844,46275,DEPUTADO ANDRÉ QUINTÃO,12195,2021-03-30 16:00:00,"Comenta que a Assembleia Legislativa fez sua parte ao aprovar o projeto
de lei que dispõe sobre a adoção de medidas emergenciais complementares
para o enfrentamento do estado de calamidade pública decorrente da
pandemia de Covid-19 no Estado, do qual foi relator. Agradece aos
deputados que apresentaram emendas ao projeto.",19,2021-03-30 16:00:00
000000845,46276,DEPUTADO RAUL BELÉM,26114,2021-03-30 16:00:00,"Elogia o presidente da Assembleia Legislativa, deputado Agostinho
Patrus, pela iniciativa do projeto de lei que dispõe sobre a adoção de
medidas emergenciais complementares para o enfrentamento do estado de
calamidade pública decorrente da pandemia de Covid-19 no Estado. Elogia
também o relator do projeto, deputado André Quintão.",19,2021-03-30 16:00:00
000000846,46277,DEPUTADO DOUTOR JEAN FREIRE,22581,2021-03-30 16:00:00,"Elogia o presidente da Assembleia Legislativa, deputado Agostinho
Patrus, pela iniciativa do projeto de lei que dispõe sobre a adoção de
medidas emergenciais complementares para o enfrentamento do estado de
calamidade pública decorrente da pandemia de Covid-19 no Estado. Elogia
também o relator do projeto, deputado André Quintão. Solicita atenção ao
projeto de lei de sua autoria que dispõe sobre as diretrizes para a
Campanha Estadual de Vacinação contra a Covid-19 e dá outras
providências.",19,2021-03-30 16:00:00
000000847,46278,DEPUTADO HELY TARQÜÍNIO,5905,2021-03-30 16:00:00,"Elogia o presidente da Assembleia Legislativa, deputado Agostinho
Patrus, pela iniciativa do projeto de lei que dispõe sobre a adoção de
medidas emergenciais complementares para o enfrentamento do estado de
calamidade pública decorrente da pandemia de Covid-19 no Estado. Elogia
também os deputados que apresentaram emendas, e o relator, deputado
André Quintão.",19,2021-03-30 16:00:00
000000848,46279,DEPUTADO NORALDINO JÚNIOR,22521,2021-03-30 16:00:00,"Elogia o presidente da Assembleia Legislativa, deputado Agostinho
Patrus, pela iniciativa do projeto de lei que dispõe sobre a adoção de
medidas emergenciais complementares para o enfrentamento do estado de
calamidade pública decorrente da pandemia de Covid-19 no Estado. Elogia
também os deputados que votaram pela aprovação do projeto, e o relator,
deputado André Quintão.",19,2021-03-30 16:00:00
000000849,46280,DEPUTADO PROFESSOR IRINEU,26137,2021-03-30 16:00:00,"Elogia o presidente da Assembleia Legislativa, deputado Agostinho
Patrus, pela iniciativa do projeto de lei que dispõe sobre a adoção de
medidas emergenciais complementares para o enfrentamento do estado de
calamidade pública decorrente da pandemia de Covid-19 no Estado.",19,2021-03-30 16:00:00
000000850,46281,DEPUTADO CARLOS PIMENTA,7758,2021-03-30 16:00:00,"Lamenta a lentidão da vacinação contra a Covid-19 em Minas Gerais,
quando comparada ao índice de outros Estados. Defende que o secretário
de Estado de Saúde, Fábio Bacheret, seja chamado a audiência, para que
possa propor ações que agilizem a vacinação nos municípios. Sugere que o
Estado adquira a vacina por meio do consórcio do Sudeste ou mesmo
sozinho.",19,2021-03-30 16:00:00
000000851,46282,DEPUTADO BARTÔ,26144,2021-03-30 16:00:00,"Elogia o presidente da Assembleia Legislativa, deputado Agostinho
Patrus, e o governador Romeu Zema pela iniciativa do projeto de lei que
dispõe sobre a adoção de medidas emergenciais complementares para o
enfrentamento do estado de calamidade pública decorrente da pandemia de
Covid-19 no Estado. Ressalta a necessidade de o cidadão entender o seu
papel na pandemia.",19,2021-03-30 16:00:00
000000852,46283,DEPUTADO BOSCO,18857,2021-03-30 16:00:00,"Elogia o presidente da Assembleia Legislativa, deputado Agostinho
Patrus, pela iniciativa do projeto de lei que dispõe sobre a adoção de
medidas emergenciais complementares para o enfrentamento do estado de
calamidade pública decorrente da pandemia de Covid-19 no Estado.",19,2021-03-30 16:00:00
000000827,46258,DEPUTADO PROFESSOR IRINEU,26137,2021-03-30 14:00:00,"Manifesta posição favorável ao projeto de lei que dispõe sobre a adoção
de medidas emergenciais complementares para o enfrentamento do estado de
calamidade pública decorrente da pandemia de Covid-19 no Estado.",19,2021-03-30 14:00:00
000000828,46259,DEPUTADO BETÃO,26145,2021-03-30 14:00:00,"Manifesta posição favorável ao projeto de lei que dispõe sobre a adoção
de medidas emergenciais complementares para o enfrentamento do estado de
calamidade pública decorrente da pandemia de Covid-19 no Estado.
Solicita seja agilizada a tramitação do projeto de lei que dispõe sobre
a realização de testes em massa para Cvid-19 no âmbito do Estado.
Manifesta solidariedade aos servidores públicos do Município de Juiz de
Fora, principalmente à Guarda Municipal de Juiz de Fora, por ataques
feitos pelo ex-deputado Roberto Jefferson.",19,2021-03-30 14:00:00
000000829,46260,DEPUTADO CARLOS PIMENTA,7758,2021-03-30 14:00:00,"Lamenta a lentidão da vacinação contra a Covid-19 em Minas Gerais,
quando comparada ao índice de outros Estados. Defende que o secretário
de Estado de Saúde, Fábio Bacheret, seja chamado a audiência, para que
possa propor ações que agilizem a vacinação nos municípios. Sugere que o
Estado não fique a reboque do governo federal na compra de vacinas, e
sim, que possa adquiri-las por meio do consórcio do Sudeste ou mesmo
sozinho. Apresenta apelo ao governo para que libere recursos para o kit
intubação e a compra de oxigênio utilizado no procedimento. Solicita que
os estudantes de medicina sejam incluídos como grupo prioritário no
processo de vacinação.",19,2021-03-30 14:00:00
000000830,46261,DEPUTADA ANA PAULA SIQUEIRA,19150,2021-03-30 14:00:00,"Manifesta posição favorável ao projeto de lei que dispõe sobre a adoção
de medidas emergenciais complementares para o enfrentamento do estado de
calamidade pública decorrente da pandemia de Covid-19 no Estado. Destaca
pontos da proposta como a distribuição de equipamentos entre os
municípios, bem como a ampliação do número de profissionais da saúde,
garantindo a eles remuneração e segurança adequadas para realizar o
trabalho. Ressalta que há projetos que foram aprovados na Assembleia
Legislativa em 2020 que até agora não estão sendo cumpridos pelo governo
do Estado, apresentando um apelo para que o governador tenha um olhar
especial para a população que está passando fome.",19,2021-03-30 14:00:00
000000831,46262,DEPUTADO SARGENTO RODRIGUES,9673,2021-03-30 14:00:00,"Comenta que o governador Romeu Zema precisa atuar de forma mais
contundente junto ao governo federal para garantir vacinas a serem
destinadas aos profissionais da segurança pública.",19,2021-03-30 14:00:00
000000832,46263,DEPUTADO VIRGÍLIO GUIMARÃES,2698,2021-03-30 14:00:00,"Comenta a questão de adiantar feriados dos anos de 2022 e 2023 para
criar um feriadão na próxima semana, ressaltando que a medida pode ser
pertinente e deve ser discutida para outra ocasião. Comenta que o
principal objetivo é impedir aglomerações e que o problema no momento é
o transporte público, então as folgas poderiam ajudar. Manifesta
solidariedade ao deputado Betão, bem como ao povo, à administração e à
Guarda Municipal do Município de Juiz de Fora, por ataques sofridos.
Agradece aos deputados que lutaram para postergar o reajuste da tarifa
do pedágio da Rodovia BR-040.",19,2021-03-30 14:00:00
000000833,46264,DEPUTADO ARLEN SANTIAGO,9652,2021-03-30 14:00:00,"Informa que está analisando o contrato de concessão da Rodovia BR-135 e
as possibilidades de punição em relação ao atraso na duplicação da
rodovia. Comenta o projeto de lei que dispõe sobre a adoção de medidas
emergenciais complementares para o enfrentamento do estado de calamidade
pública decorrente da pandemia de Covid-19 no Estado. Solicita seja
acolhida emenda de sua autoria que busca atender hospitais de municípios
do Norte de Minas, dotando-os de equipamentos e infraestrutura
necessários para o atendimento a pacientes Covid.",19,2021-03-30 14:00:00
000000834,46265,DEPUTADO GUSTAVO SANTANA,24621,2021-03-30 14:00:00,"Defende requerimento de sua autoria que requer seja encaminhado ao
governador do Estado pedido de providências para que, na campanha de
vacinação contra a Covid-19, sejam incluídos imediatamente, com os
idosos e profissionais da saúde, os trabalhadores de supermercados,
padarias, farmácias e todos aqueles que estão na linha de frente
operando os serviços essenciais no Estado.",19,2021-03-30 14:00:00
000000816,46247,DEPUTADO DUARTE BECHIR,17919,2021-03-30 10:00:00,"Manifesta posição favorável ao projeto de lei que dispõe sobre a adoção
de medidas emergenciais complementares para o enfrentamento do estado de
calamidade pública decorrente da pandemia de Covid-19 no Estado.",19,2021-03-30 10:00:00
000000817,46248,DEPUTADO GUILHERME DA CUNHA,26134,2021-03-30 10:00:00,"Comenta o projeto de lei que dispõe sobre a adoção de medidas
emergenciais complementares para o enfrentamento do estado de calamidade
pública decorrente da pandemia de Covid-19 no Estado. Elogia a parte do
projeto que permite ao governo do Estado maior flexibilidade e maior
disponibilidade de profissionais para equipar leitos de unidade de
terapia intensiva - UTI - e os serviços de saúde. Manifesta, no entanto,
posição contrária ao trecho que propõe a criação de um feriado de três
dias, o que poderia resultar em aglomerações.",19,2021-03-30 10:00:00
000000818,46249,DEPUTADA ANDRÉIA DE JESUS,26143,2021-03-30 10:00:00,"Manifesta posição favorável ao projeto de lei que dispõe sobre a adoção
de medidas emergenciais complementares para o enfrentamento do estado de
calamidade pública decorrente da pandemia de Covid-19 no Estado. Defende
emenda de sua autoria que propõe parâmetro mínimo de remuneração dos
profissionais de saúde, principalmente contratados por convênios e
iniciativa privada.",19,2021-03-30 10:00:00
000000819,46250,DEPUTADO DELEGADO HELI GRILO,26150,2021-03-30 10:00:00,"Comenta o projeto de lei que dispõe sobre a adoção de medidas
emergenciais complementares para o enfrentamento do estado de calamidade
pública decorrente da pandemia de Covid-19 no Estado. Questiona o trecho
do projeto que adianta feriados dos anos de 2022 e 2023 para criar um
feriadão na próxima semana, o que poderia resultar em aglomerações.
Questiona também se o governo ajudará os empresários que terão seu
comércio fechado durante esses dias.",19,2021-03-30 10:00:00
000000820,46251,DEPUTADA LAURA SERRANO,26165,2021-03-30 10:00:00,"Manifesta posição favorável ao projeto de lei que dispõe sobre a adoção
de medidas emergenciais complementares para o enfrentamento do estado de
calamidade pública decorrente da pandemia de Covid-19 no Estado.
Questiona, no entanto, o trecho do projeto que adianta feriados dos anos
de 2022 e 2023 para criar um feriadão na próxima semana, o que poderia
resultar em aglomerações.",19,2021-03-30 10:00:00
000000821,46252,DEPUTADO TADEU MARTINS LEITE,18860,2021-03-30 10:00:00,"Lê nota conjunta do governador do Estado, Romeu Zema, e do presidente da
Assembleia, deputado Agostinho Patrus, na qual reavaliaram a necessidade
de antecipar os três próximos feriados do dia 21 de abril, proposta no
projeto de lei que dispõe sobre a adoção de medidas emergenciais
complementares para o enfrentamento do estado de calamidade pública
decorrente da pandemia de Covid-19 no Estado.",19,2021-03-30 10:00:00
000000822,46253,DEPUTADO ZÉ REIS,26139,2021-03-30 10:00:00,"Manifesta posição favorável ao projeto de lei que dispõe sobre a adoção
de medidas emergenciais complementares para o enfrentamento do estado de
calamidade pública decorrente da pandemia de Covid-19 no Estado.
Solicita seja incorporada emenda de sua autoria a fim de permitir a
contratação temporária de médicos estrangeiros residentes no Brasil que
tenham exercido a medicina no País. Solicita atenção ao projeto de lei
de sua autoria que estabelece diretrizes para a Campanha Estadual de
Vacinação contra a Covid-19 e dá outras providências.",19,2021-03-30 10:00:00
000000823,46254,DEPUTADO ARLEN SANTIAGO,9652,2021-03-30 10:00:00,"Comenta o projeto de lei que dispõe sobre a adoção de medidas
emergenciais complementares para o enfrentamento do estado de calamidade
pública decorrente da pandemia de Covid-19 no Estado. Solicita seja
acolhida emenda de sua autoria que busca atender hospitais de municípios
do Norte de Minas, dotando-os de equipamentos e infraestrutura
necessários para o atendimento a pacientes Covid. Solicita ainda a
construção de usinas de oxigênio nos hospitais do Município de Montes
Claros.",19,2021-03-30 10:00:00
000000824,46255,DEPUTADO DALMO RIBEIRO SILVA,9655,2021-03-30 10:00:00,"Manifesta posição favorável ao projeto de lei que dispõe sobre a adoção
de medidas emergenciais complementares para o enfrentamento do estado de
calamidade pública decorrente da pandemia de Covid-19 no Estado.
Solicita atenção especial ao Sul de Minas. Elogia a retirada do trecho
do projeto que adiantava feriados dos anos de 2022 e 2023 para criar um
feriadão na próxima semana.",19,2021-03-30 10:00:00
000000825,46256,DEPUTADO DOUTOR WILSON BATISTA,18850,2021-03-30 10:00:00,"Manifesta posição favorável ao projeto de lei que dispõe sobre a adoção
de medidas emergenciais complementares para o enfrentamento do estado de
calamidade pública decorrente da pandemia de Covid-19 no Estado.
Solicita seja acolhida emenda de sua autoria que determina que os
estagiários contratados deverão ser acompanhados por profissional
competente durante procedimentos complexos.",19,2021-03-30 10:00:00
000000826,46257,DEPUTADO DOUTOR JEAN FREIRE,22581,2021-03-30 10:00:00,"Manifesta posição favorável ao projeto de lei que dispõe sobre a adoção
de medidas emergenciais complementares para o enfrentamento do estado de
calamidade pública decorrente da pandemia de Covid-19 no Estado.
Apresenta questões relacionadas à Farmácia de Minas e à falta de insumos
utilizados nos centros de terapia intensiva - CTIs. Informa que
apresentou emendas a fim de permitir a contratação temporária de médicos
estrangeiros residentes no Brasil, e para explicitar que as medidas
vigorarão enquanto perdurar o estado de calamidade pública decorrente da
pandemia.",19,2021-03-30 10:00:00
000000853,46292,DEPUTADO DOUTOR JEAN FREIRE,22581,2021-03-25 14:00:00,"Pesar pelos mais de trezentos mil óbitos em decorrência da pandemia da
Covid-19 no País.",19,2021-03-25 14:00:00
000000854,46293,DEPUTADA ANDRÉIA DE JESUS,26143,2021-03-25 14:00:00,"Solicita dos governos federal e estadual uma postura no combate à
pandemia da Covid-19, destacando o grande número de pessoas sem emprego
e passando fome. Comenta visita ao Centro de Referência à Gestante
Privada de Liberdade, onde 16 gestantes, muitas sem condenação, estão
com Covid-19. Solicita ao governo vacinas para as policiais penais que
atuam na unidade.",19,2021-03-25 14:00:00
000000855,46294,DEPUTADO VIRGÍLIO GUIMARÃES,2698,2021-03-25 14:00:00,"Pesar pelo falecimento do Sr. José Zito, ex-vereador do Município de
Belo Horizonte, e do Sr. Hélcio Reis, um dos fundadores do Partido dos
Trabalhadores - PT. Presta homenagem pelo aniversário do Sr. Elias
Camilo e do Clube Atlético Mineiro. Solicita à Mesa da Assembleia
Legislativa a volta do funcionamento, ainda que em caráter remoto, das
comissões. Comenta que a Comissão de Participação Popular poderá ter
atuação relevante na análise do acordo firmado entre governo do Estado e
Vale para compensar danos do rompimento da barragem no Município de
Brumadinho.",19,2021-03-25 14:00:00
000000856,46295,DEPUTADO ZÉ REIS,26139,2021-03-25 14:00:00,"Apresenta demandas da região Norte do Estado. Comenta que a segunda onda
da Covid-19 trouxe maior impacto na saúde e na economia, em localidades
que já tinham uma circulação limitada de dinheiro. Ressaltando que a
vacina é a única alternativa, solicita a tramitação de proposições
voltadas exclusivamente para os efeitos da pandemia. Elogia o governador
Romeu Zema por realizações do governo apesar das limitações financeiras
do Estado. Destaca o anúncio de obras da Rodovia MG-402, para interligar
o Norte de Minas a Brasília (DF), e a elaboração de projeto para a
construção de ponte no Rio São Francisco, na cidade homônima do Norte do
Estado.",19,2021-03-25 14:00:00
000000857,46296,DEPUTADO ARLEN SANTIAGO,9652,2021-03-25 14:00:00,"Comenta que faltam equipamentos utilizados no atendimento a pacientes da
Covid-19, como carrinhos de anestesia e tomógrafos, em unidades de
diversos municípios do Estado. Solicita ao governador Romeu Zema atenção
a esses problemas para evitar que a onda roxa seja prorrogada. Alerta
para a necessidade de manutenção de critérios técnicos na indicação de
gestores que atuam em cargos estratégicos. Critica a Rodovia Eco135,
concessionária que explora trecho rodoviário no Estado, que está em
péssimas condições. Comenta que a concessionária pretende aumentar o
valor do pedágio, e solicita ao Estado fiscalizar o cumprimento do
cronograma de obras.",19,2021-03-25 14:00:00
000000858,46242,DEPUTADO SARGENTO RODRIGUES,9673,2021-03-24 14:00:00,"Defende o uso de medicamentos como a cloroquina e a ivermectina como
tratamento precoce da Covid-19, parabenizando prefeitos que têm adotado
esse protocolo. Defende que seriam inconstitucionais as medidas de
isolamento social determinadas por alguns governantes, por, em sua
avaliação, limitarem o livre exercício da profissão.",19,2021-03-24 14:00:00
000000859,46243,DEPUTADO VIRGÍLIO GUIMARÃES,2698,2021-03-24 14:00:00,"Saúda o deputado Luiz Humberto Carneiro pelo seu aniversário e por sua
luta para se recuperar da Covid-19. Comenta o alto custo do pedágio da
Rodovia MG-135. Destaca que, a exemplo do que aconteceu em 2020, não
houve reajuste tarifário em 2021, mas o pedágio continua entre os mais
caros do País. Defende um amplo debate para reduzir o valor da outorga
da MG-135 e para repensar as condições de licitações futuras de
rodovias.",19,2021-03-24 14:00:00
000000860,46244,DEPUTADA ANA PAULA SIQUEIRA,19150,2021-03-24 14:00:00,"Defende o isolamento social, que considerou a única forma de salvar
vidas diante do avanço da Covid-19. Comenta que é preciso considerar a
situação de vulnerabilidade das famílias na organização das filas de
vacinação, além de buscar formas de dar assistência aos que estão mais
frágeis economicamente. Elogia o trabalho daqueles que têm apoiado esses
grupos mais vulneráveis, mas destaca que é preciso um suporte mais
estável e só o Estado pode garantir isso.",19,2021-03-24 14:00:00
000000861,46245,DEPUTADO CARLOS PIMENTA,7758,2021-03-24 14:00:00,"Comenta a falta de medicamentos para intubação de pacientes e de
oxigênio nos hospitais. Lamenta que a segunda onda da Covid-19 ainda não
tenha chegado ao ápice no Estado e que não seja possível, no momento,
aumentar a vacinação. Manifesta esperança de que a vacinação seja
ampliada a partir de abril e que até agosto 70% das pessoas com mais de
18 anos já estejam imunizadas no País.",19,2021-03-24 14:00:00
000000862,46246,DEPUTADO DOUTOR JEAN FREIRE,22581,2021-03-24 14:00:00,"Comenta o uso de medicamentos como a cloroquina e a azitromicina como
tratamento precoce da Covid-19. Critica o presidente Jair Bolsonaro por
pronunciamento sobre a vacinação e pela forma de condução da pandemia.",19,2021-03-24 14:00:00
000000863,46236,DEPUTADO ANTONIO CARLOS ARANTES,7327,2021-03-23 14:00:00,"Pesar, atendendo pedido do Bloco Sou Minas Gerais, pelo falecimento da
Sra. Neide Pimenta, mãe do deputado Neilando Pimenta, fundadora da
Faculdade Alfa Unipac.",19,2021-03-23 14:00:00
000000864,46237,DEPUTADO DUARTE BECHIR,17919,2021-03-23 14:00:00,"Lamenta a partidarização em torno da pandemia de Covid-19. Informa que
tem recebido apelos de pessoas que precisam e não conseguem vaga em
leito para si ou familiares. Comenta que, além da falta de equipamentos
nos hospitais, há também falta de profissionais. Comenta a questão do
tratamento precoce e defende o isolamento como a única alternativa, no
momento.",19,2021-03-23 14:00:00
000000865,46238,DEPUTADO MARQUINHO LEMOS,4458,2021-03-23 14:00:00,"Transcurso do Dia Mundial da Água. Comenta a importância da água,
sobretudo neste momento de pandemia de Covid-19, apresentando dados que
apontam que 35 milhões de brasileiros não têm acesso à água e 47% vivem
sem esgoto sanitário. Sugere que parte dos recursos do acordo entre o
governo de Minas e a mineradora Vale (para ressarcimento do rompimento
da barragem no Município dede Brumadinho) sejam usados em prol dos
cursos d’água.",19,2021-03-23 14:00:00
000000866,46239,DEPUTADO DOUTOR JEAN FREIRE,22581,2021-03-23 14:00:00,"Manifesta solidariedade aos familiares das vítimas da Covid-19. Comenta,
por ocasião do transcurso do Dia Mundial da Água, que a data é uma
oportunidade para a sociedade brasileira repensar a forma como vem
tratando seus cursos d'água e mananciais. Defende que o acesso à água,
como um direito humano, deve ser garantido pelo Estado, e não ser
privatizado. Critica a falta de investimentos na Copasa Serviços de
Saneamento Integrado do Norte e Nordeste de Minas Gerais S/A - Copanor.",19,2021-03-23 14:00:00
000000867,46240,DEPUTADO BETÃO,26145,2021-03-23 14:00:00,"Manifesta solidariedade aos familiares das vítimas da Covid-19. Enumera
diversas iniciativas do governo do Estado que, desde 2019, em sua
avaliação, visam apenas precarizar as condições de trabalho na Companhia
Energética de Minas Gerais - Cemig - para levar adiante um projeto de
privatização.",19,2021-03-23 14:00:00
000000868,46241,DEPUTADO CRISTIANO SILVEIRA,22523,2021-03-23 14:00:00,"Critica o tratamento precoce contra a Covid-19, lamentando entrevista do
governador Romeu Zema defendendo a prática. Sugere que a CPI dos Fura-
Filas da vacinação apure se Zema investiu nesse tipo de tratamento sem
fundamentação científica e com medicamentos que não tiveram a eficácia
atestada. Defende a criação de um auxílio estadual para as famílias
carentes, citando iniciativas do governo do Ceará como exemplo. Critica
o fato de o secretário de Estado de Governo, membro do Comitê Covid-19,
viajar de férias em um momento tão grave. Alerta para possíveis
paralisações de profissionais da segurança pública do Estado,
insatisfeitos, entre outras coisas, com a falta de vacinas, ressaltando
que a vacinação em massa é o essencial.",19,2021-03-23 14:00:00
000000869,46231,DEPUTADO ARLEN SANTIAGO,9652,2021-03-18 14:00:00,"Critica a Rodovia Eco135, concessionária que explora trecho rodoviário
que liga o Município de Montes Claros  ao centro do Estado. Destaca que
a rodovia está em péssimas condições. Comenta que a concessionária
pretende aumentar o valor do pedágio em abril, e solicita ao Estado
fiscalizar o cumprimento do cronograma de obras. Solicita leitos e
equipamentos para hospitais de vários municípios do Estado.",19,2021-03-18 14:00:00
000000870,46232,DEPUTADO ALENCAR DA SILVEIRA JR.,7752,2021-03-18 14:00:00,"Solicita ao governo do Estado ajuda aos professores que estão
trabalhando remotamente, em decorrência da pandemia da Covid-19, para a
compra de materiais. Agradece à Associação Brasileira dos Operadores de
Telecomunicações e Provedores de Internet - Abramulti - por não cortar o
serviço de internet por falta de pagamento. Informa serem ""fake news""
notícias divulgadas de que aqueles que estivessem transitando sem
máscara dentro de seus carros estariam sendo multados. Sugere a
aprovação de um projeto de lei para renegociação de dívidas relativas ao
Imposto sobre a Propriedade de Veículos Automotores - IPVA -, assim como
em cartórios. Manifesta preocupação com o crescimento da pobreza,
destacando saques em supermercados. Solicita isenção de impostos
municipais e estaduais durante a pandemia.",19,2021-03-18 14:00:00
000000871,46233,DEPUTADO JOÃO LEITE,7766,2021-03-18 14:00:00,"Apresenta um histórico da construção do Plano Estratégico Ferroviário de
Minas Gerais. Comenta reunião realizada entre o secretário de Estado de
Infraestrutura e Mobilidade, Fernando Marcato, e o ministro de
Infraestrutura, Tarcísio de Freitas, para discutir prioridades desse
plano.",19,2021-03-18 14:00:00
000000872,46234,DEPUTADO CARLOS PIMENTA,7758,2021-03-18 14:00:00,"Comenta o aumento do número de casos da Covid-19 e ressalta que o
comportamento da população é essencial para controlar os números.
Comenta que os governos federal e estadual têm que atender a população
mais vulnerável. Sugere ao governo de Minas utilizar parte dos recursos
provenientes do acordo com a Vale, referente à indenização pelo
rompimento da barragem no Município de Brumadinho, para financiar
medidas de apoio à população mais pobre e a compra de vacinas contra o
novo coronavírus. Alerta para a possibilidade de que se esgotem, nos
próximos dias, medicamentos essenciais para o combate à Covid-19 em
hospitais do Norte de Minas. Comenta a CPI dos fura-filas da vacinação.",19,2021-03-18 14:00:00
000000873,46235,DEPUTADA ANA PAULA SIQUEIRA,19150,2021-03-18 14:00:00,"Lamenta o avanço da pandemia de Covid-19 no Estado e no País. Lamenta o
fato de o governo federal não ter comprado vacinas contra a Covid-19 no
momento adequado. Manifesta apoio à CPI dos fura-filas da vacinação.
Comenta que o processo de imunização deve ser mais igualitário,
destacando que ele ocorre de forma mais lenta com relação à população
negra. Manifesta preocupação com os impactos sociais da pandemia e
ressalta que já foram aprovadas leis para garantir assistência aos mais
vulneráveis, e que o governo do Estado tem que cumpri-las. Solicita a
aprovação do projeto de lei de sua autoria que determina a suspensão de
cobranças por parte das concessionárias de serviços públicos e veda a
interrupção de serviços por falta de pagamento. Presta homenagem pelo
transcurso do dia estadual dos cuidadores e das cuidadoras de idosos.",19,2021-03-18 14:00:00
000000874,46226,DEPUTADO ZÉ REIS,26139,2021-03-17 14:00:00,"Manifesta preocupação com o alastramento da Covid-19 no Norte de Minas,
onde a quantidade de mortes pela doença tem aumentado. Destaca que a
atual situação está requerendo maior quantidade de oxigênio para os
hospitais da região. Critica a previsão de aumento do valor de pedágio
na Rodovia BR-135. Sugere a criação, por meio de legislação, de um Plano
Estadual de Vacinação.",19,2021-03-17 14:00:00
000000875,46227,DEPUTADA ANDRÉIA DE JESUS,26143,2021-03-17 14:00:00,"Comenta que, no dia 14 de março, completaram três anos do assassinato de
Marielle Franco e de seu motorista Anderson Gomes. Informa que
apresentou denúncia ao Ministério Público do Estado de Minas Gerais -
MPMG - apontando ato de improbidade administrativa que teria sido
cometida pelo governador Romeu Zema e pelo ex-secretário de Estado da
Saúde, Carlos Eduardo Amaral, relativa a um suposto esquema de “fura-
fila” para vacinar cerca de 800 funcionários da secretaria. Comenta que
Zema também errou, pois, uma vez ciente do problema, não evitou o
desvio. Ressalta que não só no Estado, mas também em prefeituras,
estariam ocorrendo irregularidades.",19,2021-03-17 14:00:00
000000876,46228,DEPUTADA BEATRIZ CERQUEIRA,26098,2021-03-17 14:00:00,"Informa ter visitado escolas estaduais para verificar o cumprimentos das
restrições impostas pela onda roxa do Plano Minas Consciente. Destaca
que todas as unidades visitadas estavam abertas, atendendo à comunidade,
com a presença dos servidores administrativos. Comenta que tal fato se
deve à falta de comunicação por parte da Secretaria de Estado de
Educação - SEE -, que não teria avisado as escolas sobre a suspensão de
atividades. Destaca que o governo expôs esses servidores à contaminação
pela Covid-19, alguns do grupo de risco ou que convivem com pessoas com
comorbidades.",19,2021-03-17 14:00:00
000000877,46229,DEPUTADO SARGENTO RODRIGUES,9673,2021-03-17 14:00:00,"Solicita ao presidente da Assembleia Legislativa, deputado Agostinho
Patrus, ajustes na deliberação que suspendeu o expediente presencial no
Parlamento mineiro. Comenta que, apesar de ser necessário o cuidado para
enfrentar a pandemia de Covid-19, os deputados, principalmente os que
moram em Belo Horizonte, precisam da estrutura de gabinete para dar
suporte às demandas encaminhadas pela população.",19,2021-03-17 14:00:00
000000878,46230,DEPUTADO VIRGÍLIO GUIMARÃES,2698,2021-03-17 14:00:00,"Comenta a questão do reajuste do valor de pedágio na Rodovia BR-135,
prestando esclarecimentos sobre o histórico da concessão.",19,2021-03-17 14:00:00
000000879,46216,DEPUTADO ZÉ REIS,26139,2021-03-16 14:00:00,"Pesar pelo falecimento do Sr. Agenor Lisboa da Mota, ex-combatente da
Força Expedicionária Brasileira e participante da Segunda Guerra
Mundial.",19,2021-03-16 14:00:00
000000880,46217,DEPUTADO BARTÔ,26144,2021-03-16 14:00:00,"Critica o ""lockdown"" imposto pelo governo do Estado como medida de
contenção da pandemia da Covid-19. Ressalta que o ""lockdown"" foi
necessário no início da pandemia, mas após um ano já mostrou que não é a
solução. Convida a população a se manifestar contra o fechamento das
atividades econômicas.",19,2021-03-16 14:00:00
000000881,46218,DEPUTADO BETÃO,26145,2021-03-16 14:00:00,"Critica os governos estadual e federal em suas posturas no enfrentamento
à pandemia da Covid-19, ressaltando a negligência com a gestão na compra
da vacinas. Critica a redução de investimentos em saúde em Minas Gerais
ao longo de 2020. Destaca a falta de testagem da população no Estado e
no Brasil e comenta que o País vive o pior estágio da pandemia por
reflexo da ausência de gestão dos governos.",19,2021-03-16 14:00:00
000000882,46219,DEPUTADO DELEGADO HELI GRILO,26150,2021-03-16 14:00:00,"Lamenta os problemas oriundos do distanciamento social como medida de
combate à pandemia da Covid-19, mas ressalta que ele é necessário.
Destaca que a vacina é a principal medida para a retomada da economia.
Sugere, ao abordar a Comissão Parlamentar de Inquérito - CPI - para
investigar o chamado fura-fila da vacina na Secretaria de Estado de
Saúde - SES -, que a investigação se estenda às superintendências
regionais.",19,2021-03-16 14:00:00
000000883,46220,DEPUTADO BRUNO ENGLER,26148,2021-03-16 14:00:00,"Critica o governador Romeu Zema por incluir todo o Estado na onda roxa,
que impõe toque de recolher, entre outras restrições, para conter a
pandemia da Covid-19. Defende que o toque de recolher seria
inconstitucional. Defende um debate sobre a adoção do chamado tratamento
precoce contra a Covid-19, ao comentar o seu uso pela prefeitura de São
Lourenço.",19,2021-03-16 14:00:00
000000884,46221,DEPUTADO ANDRÉ QUINTÃO,12195,2021-03-16 14:00:00,"Manifesta votos de melhoras aos deputados Luiz Humberto e Professor
Cleiton, acometidos pela Covid-19. Critica a postura do governador Romeu
Zema em relação à pandemia, alinhada com o presidente Bolsonaro. Defende
que o governo do Estado apresente alternativas de recuperação econômica,
como apoio a setores mais afetados pela pandemia, a pequenos e médios
comerciantes, a autônomos e também suplementação de renda às famílias
atingidas. Questiona a falta de investimento na Fundação Ezequiel Dias -
Funed - e a suspensão das tratativas da instituição para produção de
vacinas. Critica a redução de investimentos em saúde em Minas Gerais ao
longo de 2020.",19,2021-03-16 14:00:00
000000885,46222,DEPUTADO CRISTIANO SILVEIRA,22523,2021-03-16 14:00:00,"Critica manifestação em apoio ao presidente Jair Bolsonaro. Apresenta
denúncias de trabalhadores da Fundação Hospitalar do Estado de Minas
Gerais - Fhemig. Critica postura do presidente Jair Bolsonaro perante a
pandemia de Covid-19, ressaltando a falha do governo em não ter adotado,
desde o início, o uso da máscara e o isolamento. Comenta que o uso da
ivermectina e da cloroquina como tratamento precoce ainda não tem
eficácia comprovada cientificamente. Ressalta que a única saída para a
pandemia é a vacina e que o governo precisa garantir a segurança dos
trabalhadores que não podem parar, como os da saúde e da segurança
pública. Informa que apresentou requerimento solicitando seja
encaminhado ao governador do Estado pedido de informação sobre os
valores e o cronograma de pagamento das indenizações destinadas aos
filhos segregados de pais com hanseníase submetidos à política de
isolamento compulsório em Minas Gerais.",19,2021-03-16 14:00:00
000000886,46223,DEPUTADO SARGENTO RODRIGUES,9673,2021-03-16 14:00:00,"Critica o governador Romeu Zema por incluir todo o Estado na onda roxa,
para conter a pandemia da Covid-19. Ressalta que a onda roxa tem
imposições exacerbadas, que desrespeitariam direitos, como a restrição
de circulação e o toque de recolher. Solicita cautela das forças de
segurança ao orientar os cidadãos, a fim de evitar “abuso de poder”.
Lamenta decisão que suspende o expediente presencial na Assembleia
Legislativa, e apresenta apelo ao presidente da Casa, deputado Agostinho
Patrus, para que reveja sua decisão e permita que parlamentares e
assessores acessem os gabinetes.",19,2021-03-16 14:00:00
000000887,46224,DEPUTADA BEATRIZ CERQUEIRA,26098,2021-03-16 14:00:00,"Questiona o comportamento do prefeito de Itajubá de incentivar a
distribuição de medicamento que não tem eficácia comprovada em relação
ao enfrentamento da pandemia da Covid-19. Contesta dados apresentados
por deputado sobre o uso do tratamento precoce no Município de São
Lourenço. Apresenta apelo ao governo do Estado para que seja revogado
memorando que determina o trabalho presencial a auxiliares de serviço,
assistentes técnicos e diretores de escolas, mesmo na onda roxa.",19,2021-03-16 14:00:00
000000888,46225,DEPUTADO BRUNO ENGLER,26148,2021-03-16 14:00:00,"Comenta dados apresentados pela deputada Beatriz Cerqueira sobre a
ocupação dos leitos de Covid-19 no Município de São Lourenço. Defende a
adoção do tratamento precoce pelos municípios.",19,2021-03-16 14:00:00
000000889,46210,DEPUTADO JOÃO VÍTOR XAVIER,18858,2021-03-11 14:00:00,"Manifesta indignação em relação às denúncias de irregularidade em
vacinação contra a Covid-19 de funcionários administrativos da
Secretaria de Estado de Saúde - SES. Ressalta que o secretário de Estado
da Saúde, Carlos Eduardo Amaral da Silva, não deu uma resposta
satisfatória sobre o assunto e solicita providências ao governador Romeu
Zema.",19,2021-03-11 14:00:00
000000890,46211,DEPUTADO CLEITINHO AZEVEDO,26101,2021-03-11 14:00:00,"Solicita aos poderes públicos mais apoio aos setores econômicos
prejudicados pelo isolamento social em decorrência da pandemia da
Covid-19, como o comércio, sugerindo que cortem os próprios gastos.",19,2021-03-11 14:00:00
000000891,46212,DEPUTADO DOUTOR JEAN FREIRE,22581,2021-03-11 14:00:00,"Apresenta um desabafo em nome dos profissionais de saúde em relação à
pandemia da Covid-19. Critica gestores públicos que adotaram uma posição
de negacionismo e ignorância em relação às necessárias providências para
conter a pandemia, por meio do isolamento social, conforme orienta a
ciência. Elogia a atuação de prefeituras como a do Município de Belo
Horizonte, onde o isolamento foi fundamental para conter a pandemia em
seu estágio inicial. Presta homenagem às mulheres pelo transcurso do Dia
Internacional da Mulher.",19,2021-03-11 14:00:00
000000892,46213,DEPUTADA BEATRIZ CERQUEIRA,26098,2021-03-11 14:00:00,"Manifesta solidariedade às vítimas da Covid-19 e aos seus familiares, ao
pessoal da área da saúde, sobretudo aos trabalhadores do Sistema Único
de Saúde - SUS. Critica a postura do presidente Jair Bolsonaro em
relação à pandemia e a insuficiência de investimento do governador Romeu
Zema na área da saúde. Apresenta denúncias, encaminhadas por
profissionais de educação da rede municipal de Ipatinga, de que a
Prefeitura teria determinado a volta ao trabalho de professores que
testaram positivo para a Covid-19, mas que permaneciam assintomáticos.
Ressalta que a rede de saúde de Ipatinga apresentou, nos últimos dias,
índice de ocupação de 100% até 103% das vagas para doentes de Covid-19,
evidenciando colapso, e que não é momento de retornar às aulas
presenciais. Manifesta solidariedade à prefeita de Juiz de Fora,
Margarida Salomão, ao vice-prefeito, Kennedy Ribeiro, por terem recebido
ameaças de morte após decretarem o fechamento de serviços não essenciais
em função dos números da pandemia da Covid-19.",19,2021-03-11 14:00:00
000000893,46214,DEPUTADO VIRGÍLIO GUIMARÃES,2698,2021-03-11 14:00:00,"Manifesta solidariedade à prefeita de Juiz de Fora, Margarida Salomão,
que vem sofrendo ameaças. Defende uma investigação da Assembleia
Legislativa sobre denúncias de irregularidade em vacinação contra a
Covid-19 de funcionários administrativos da Secretaria de Estado de
Saúde - SES. Ressalta que o Plano Nacional de Imunização permite a
priorização de servidores administrativos, desde que eles tenham contato
com o público, mas a Secretaria de Estado de Saúde - SES - não teria
observado essa regra.",19,2021-03-11 14:00:00
000000894,46215,DEPUTADO ULYSSES GOMES,18867,2021-03-11 14:00:00,"Agradece ao presidente da Assembleia Legislativa, deputado Agostinho
Patrus, por deferir requerimento que requer seja constituída comissão
parlamentar de inquérito - CPI - para, no prazo de 120 dias, investigar
a operacionalização da Campanha Nacional de Vacinação contra Covid-19,
em especial o desvio de recursos referentes à vacinação irregular de
grupos não prioritários definidos pelo Ministério da Saúde, assim como
investigar o baixo investimento em ampliação de leitos para
enfrentamento da pandemia no Estado, concomitantemente à não aplicação
do mínimo constitucional em serviços públicos de saúde.",19,2021-03-11 14:00:00
000000895,46200,DEPUTADO SARGENTO RODRIGUES,9673,2021-03-10 10:00:00,"Solicita ao presidente da Assembleia Legislativa, deputado Agostinho
Patrus, esclarecimentos sobre a dinâmica dos trabalhos da reunião,
destinada a obter informações do secretário de Estado da Saúde, Carlos
Eduardo Amaral da Silva, sobre o enfrentamento da pandemia da Covid-19
no Estado.",19,2021-03-10 10:00:00
000000896,46201,CARLOS EDUARDO AMARAL PEREIRA DA SILVA,,2021-03-10 10:00:00,"Presta esclarecimentos sobre o enfrentamento da pandemia da Covid-19 no
Estado.",19,2021-03-10 10:00:00
000000897,46202,DEPUTADO JOÃO VÍTOR XAVIER,18858,2021-03-10 10:00:00,"Apresenta questionamentos ao secretário de Estado da Saúde, Carlos
Eduardo Amaral da Silva, sobre o enfrentamento da pandemia de Covid-19
no Estado.",19,2021-03-10 10:00:00
000000898,46203,DEPUTADO RAUL BELÉM,26114,2021-03-10 10:00:00,"Apresenta questionamentos ao secretário de Estado da Saúde, Carlos
Eduardo Amaral da Silva, sobre o enfrentamento da pandemia de Covid-19
no Estado.",19,2021-03-10 10:00:00
000000899,46204,DEPUTADO CÁSSIO SOARES,18848,2021-03-10 10:00:00,"Apresenta questionamentos ao secretário de Estado da Saúde, Carlos
Eduardo Amaral da Silva, sobre o enfrentamento da pandemia de Covid-19
no Estado.",19,2021-03-10 10:00:00
000000900,46205,DEPUTADO ANDRÉ QUINTÃO,12195,2021-03-10 10:00:00,"Apresenta questionamentos ao secretário de Estado da Saúde, Carlos
Eduardo Amaral da Silva, sobre o enfrentamento da pandemia de Covid-19
no Estado.",19,2021-03-10 10:00:00
